time_decimal_year,AI2027-SC,AIR-5x,AIR-25x,AIR-250x,AIR-2000x,AIR-10000x,SAR-level-experiment-selection-skill,SIAR-level-experiment-selection-skill,STRAT-AI,TED-AI,ASI
0.000000,0.0000000000,0.0000000000,0.0000000000,0.0000000000,0.0000000000,0.0000000000,0.0000000000,0.0000000000,0.0000000000,0.0000000000,0.0000000000
0.083218,0.0000000000,0.5000000000,0.0000000000,0.0000000000,0.0000000000,0.0000000000,0.0000000000,0.0000000000,0.0000000000,0.0000000000,0.0000000000
0.166436,0.0000000000,0.5000000000,0.0000000000,0.0000000000,0.0000000000,0.0000000000,0.0000000000,0.0000000000,0.0000000000,0.0000000000,0.0000000000
0.249654,0.0000000000,0.5000000000,0.0000000000,0.0000000000,0.0000000000,0.0000000000,0.0000000000,0.0000000000,0.0000000000,0.0000000000,0.0000000000
0.332871,0.0000000000,0.5000000000,0.0000000000,0.0000000000,0.0000000000,0.0000000000,0.0000000000,0.0000000000,0.0000000000,0.0000000000,0.0000000000
0.416089,0.0000000000,0.5000000000,0.0000000000,0.0000000000,0.0000000000,0.0000000000,0.0000000000,0.0000000000,0.0000000000,0.0000000000,0.0000000000
0.499307,0.0000000000,0.5000000000,0.0000000000,0.0000000000,0.0000000000,0.0000000000,0.0000000000,0.0000000000,0.0000000000,0.0000000000,0.0000000000
0.582525,0.0000000000,0.5000000000,0.0000000000,0.0000000000,0.0000000000,0.0000000000,0.0000000000,0.0000000000,0.0000000000,0.0000000000,0.0000000000
0.665743,0.0000000000,0.5000000000,0.0000000000,0.0000000000,0.0000000000,0.0000000000,0.0000000000,0.0000000000,0.0000000000,0.0000000000,0.0000000000
0.748961,0.0000000000,0.5000000000,0.0000000000,0.0000000000,0.0000000000,0.0000000000,0.0000000000,0.0000000000,0.0000000000,0.0000000000,0.0000000000
0.832179,0.5000000000,0.5000000000,0.0000000000,0.0000000000,0.0000000000,0.0000000000,0.0000000000,0.0000000000,0.0000000000,0.0000000000,0.0000000000
0.915397,1.0000000000,0.5000000000,0.5000000000,0.0000000000,0.0000000000,0.0000000000,0.0000000000,0.0000000000,0.0000000000,0.0000000000,0.0000000000
0.998614,1.0000000000,0.5000000000,0.5000000000,0.0000000000,0.0000000000,0.0000000000,0.0000000000,0.0000000000,0.0000000000,0.0000000000,0.0000000000
1.081832,1.0000000000,0.5000000000,0.5000000000,0.0000000000,0.0000000000,0.0000000000,0.0000000000,0.0000000000,0.0000000000,0.0000000000,0.0000000000
1.165050,1.0000000000,0.5000000000,0.5000000000,0.0000000000,0.0000000000,0.0000000000,0.0000000000,0.0000000000,0.0000000000,0.0000000000,0.0000000000
1.248268,1.0000000000,0.5000000000,0.5000000000,0.0000000000,0.0000000000,0.0000000000,0.0000000000,0.0000000000,0.0000000000,0.0000000000,0.0000000000
1.331486,1.0000000000,0.5000000000,0.5000000000,0.0000000000,0.0000000000,0.0000000000,0.0000000000,0.0000000000,0.0000000000,0.0000000000,0.0000000000
1.414704,1.0000000000,1.0000000000,0.5000000000,0.0000000000,0.0000000000,0.0000000000,0.0000000000,0.0000000000,0.0000000000,0.0000000000,0.0000000000
1.497922,1.0000000000,1.0000000000,0.5000000000,0.0000000000,0.0000000000,0.0000000000,0.0000000000,0.5000000000,0.5000000000,0.0000000000,0.0000000000
1.581139,1.0000000000,1.0000000000,0.5000000000,0.0000000000,0.0000000000,0.0000000000,0.0000000000,0.5000000000,0.5000000000,0.0000000000,0.0000000000
1.664357,1.0000000000,1.0000000000,0.5000000000,0.0000000000,0.0000000000,0.0000000000,0.0000000000,0.5000000000,0.5000000000,0.0000000000,0.0000000000
1.747575,1.0000000000,1.0000000000,0.5000000000,0.0000000000,0.0000000000,0.0000000000,0.0000000000,0.5000000000,0.5000000000,0.0000000000,0.0000000000
1.830793,1.0000000000,1.0000000000,0.5000000000,0.0000000000,0.0000000000,0.0000000000,0.0000000000,0.5000000000,0.5000000000,0.0000000000,0.0000000000
1.914011,1.0000000000,1.0000000000,0.5000000000,0.0000000000,0.0000000000,0.0000000000,0.0000000000,0.5000000000,0.5000000000,0.0000000000,0.0000000000
1.997229,1.0000000000,1.0000000000,0.5000000000,0.0000000000,0.0000000000,0.0000000000,0.0000000000,0.5000000000,0.5000000000,0.0000000000,0.0000000000
2.080447,1.0000000000,1.0000000000,0.5000000000,0.0000000000,0.0000000000,0.0000000000,0.0000000000,0.5000000000,0.5000000000,0.0000000000,0.0000000000
2.163665,1.0000000000,1.0000000000,0.5000000000,0.0000000000,0.0000000000,0.0000000000,0.0000000000,0.5000000000,0.5000000000,0.0000000000,0.0000000000
2.246882,1.0000000000,1.0000000000,0.5000000000,0.0000000000,0.0000000000,0.0000000000,0.0000000000,0.5000000000,0.5000000000,0.0000000000,0.0000000000
2.330100,1.0000000000,1.0000000000,0.5000000000,0.0000000000,0.0000000000,0.0000000000,0.0000000000,0.5000000000,0.5000000000,0.0000000000,0.0000000000
2.413318,1.0000000000,1.0000000000,0.5000000000,0.0000000000,0.0000000000,0.0000000000,0.0000000000,0.5000000000,0.5000000000,0.0000000000,0.0000000000
2.496536,1.0000000000,1.0000000000,0.5000000000,0.0000000000,0.0000000000,0.0000000000,0.0000000000,0.5000000000,0.5000000000,0.0000000000,0.0000000000
2.579754,1.0000000000,1.0000000000,0.5000000000,0.0000000000,0.0000000000,0.0000000000,0.0000000000,0.5000000000,0.5000000000,0.0000000000,0.0000000000
2.662972,1.0000000000,1.0000000000,0.5000000000,0.0000000000,0.0000000000,0.0000000000,0.0000000000,0.5000000000,0.5000000000,0.0000000000,0.0000000000
2.746190,1.0000000000,1.0000000000,0.5000000000,0.0000000000,0.0000000000,0.0000000000,0.5000000000,0.5000000000,0.5000000000,0.0000000000,0.0000000000
2.829407,1.0000000000,1.0000000000,0.5000000000,0.0000000000,0.0000000000,0.0000000000,0.5000000000,0.5000000000,0.5000000000,0.0000000000,0.0000000000
2.912625,1.0000000000,1.0000000000,0.5000000000,0.0000000000,0.0000000000,0.0000000000,0.5000000000,0.5000000000,0.5000000000,0.0000000000,0.0000000000
2.995843,1.0000000000,1.0000000000,0.5000000000,0.0000000000,0.0000000000,0.0000000000,0.5000000000,0.5000000000,0.5000000000,0.0000000000,0.0000000000
3.079061,1.0000000000,1.0000000000,0.5000000000,0.0000000000,0.0000000000,0.0000000000,0.5000000000,0.5000000000,0.5000000000,0.0000000000,0.0000000000
3.162279,1.0000000000,1.0000000000,0.5000000000,0.0000000000,0.0000000000,0.0000000000,0.5000000000,0.5000000000,0.5000000000,0.0000000000,0.0000000000
3.245497,1.0000000000,1.0000000000,0.5000000000,0.0000000000,0.0000000000,0.0000000000,0.5000000000,0.5000000000,0.5000000000,0.0000000000,0.0000000000
3.328715,1.0000000000,1.0000000000,0.5000000000,0.0000000000,0.0000000000,0.0000000000,0.5000000000,0.5000000000,0.5000000000,0.0000000000,0.0000000000
3.411933,1.0000000000,1.0000000000,1.0000000000,0.0000000000,0.0000000000,0.0000000000,0.5000000000,0.5000000000,0.5000000000,0.0000000000,0.0000000000
3.495150,1.0000000000,1.0000000000,1.0000000000,0.0000000000,0.0000000000,0.0000000000,0.5000000000,0.5000000000,0.5000000000,0.0000000000,0.0000000000
3.578368,1.0000000000,1.0000000000,1.0000000000,0.0000000000,0.0000000000,0.0000000000,0.5000000000,0.5000000000,0.5000000000,0.0000000000,0.0000000000
3.661586,1.0000000000,1.0000000000,1.0000000000,0.0000000000,0.0000000000,0.0000000000,0.5000000000,0.5000000000,0.5000000000,0.0000000000,0.0000000000
3.744804,1.0000000000,1.0000000000,1.0000000000,0.0000000000,0.0000000000,0.0000000000,0.5000000000,0.5000000000,0.5000000000,0.0000000000,0.0000000000
3.828022,1.0000000000,1.0000000000,1.0000000000,0.0000000000,0.0000000000,0.0000000000,0.5000000000,0.5000000000,0.5000000000,0.0000000000,0.0000000000
3.911240,1.0000000000,1.0000000000,1.0000000000,0.0000000000,0.0000000000,0.0000000000,0.5000000000,0.5000000000,0.5000000000,0.0000000000,0.0000000000
3.994458,1.0000000000,1.0000000000,1.0000000000,0.0000000000,0.0000000000,0.0000000000,0.5000000000,0.5000000000,0.5000000000,0.0000000000,0.0000000000
4.077675,1.0000000000,1.0000000000,1.0000000000,0.0000000000,0.0000000000,0.0000000000,0.5000000000,0.5000000000,0.5000000000,0.0000000000,0.0000000000
4.160893,1.0000000000,1.0000000000,1.0000000000,0.0000000000,0.0000000000,0.0000000000,0.5000000000,0.5000000000,0.5000000000,0.0000000000,0.0000000000
4.244111,1.0000000000,1.0000000000,1.0000000000,0.0000000000,0.0000000000,0.0000000000,0.5000000000,0.5000000000,0.5000000000,0.0000000000,0.0000000000
4.327329,1.0000000000,1.0000000000,1.0000000000,0.0000000000,0.0000000000,0.0000000000,0.5000000000,0.5000000000,0.5000000000,0.0000000000,0.0000000000
4.410547,1.0000000000,1.0000000000,1.0000000000,0.0000000000,0.0000000000,0.0000000000,0.5000000000,0.5000000000,0.5000000000,0.0000000000,0.0000000000
4.493765,1.0000000000,1.0000000000,1.0000000000,0.0000000000,0.0000000000,0.0000000000,0.5000000000,0.5000000000,0.5000000000,0.0000000000,0.0000000000
4.576983,1.0000000000,1.0000000000,1.0000000000,0.0000000000,0.0000000000,0.0000000000,0.5000000000,0.5000000000,0.5000000000,0.0000000000,0.0000000000
4.660201,1.0000000000,1.0000000000,1.0000000000,0.0000000000,0.0000000000,0.0000000000,0.5000000000,0.5000000000,0.5000000000,0.0000000000,0.0000000000
4.743418,1.0000000000,1.0000000000,1.0000000000,0.0000000000,0.0000000000,0.0000000000,0.5000000000,0.5000000000,0.5000000000,0.0000000000,0.0000000000
4.826636,1.0000000000,1.0000000000,1.0000000000,0.0000000000,0.0000000000,0.0000000000,0.5000000000,0.5000000000,0.5000000000,0.0000000000,0.0000000000
4.909854,1.0000000000,1.0000000000,1.0000000000,0.0000000000,0.0000000000,0.0000000000,0.5000000000,0.5000000000,0.5000000000,0.0000000000,0.0000000000
4.993072,1.0000000000,1.0000000000,1.0000000000,0.0000000000,0.0000000000,0.0000000000,0.5000000000,0.5000000000,0.5000000000,0.0000000000,0.0000000000
5.076290,1.0000000000,1.0000000000,1.0000000000,0.0000000000,0.0000000000,0.0000000000,0.5000000000,0.5000000000,0.5000000000,0.0000000000,0.0000000000
5.159508,1.0000000000,1.0000000000,1.0000000000,0.0000000000,0.0000000000,0.0000000000,0.5000000000,0.5000000000,0.5000000000,0.0000000000,0.0000000000
5.242726,1.0000000000,1.0000000000,1.0000000000,0.0000000000,0.0000000000,0.0000000000,0.5000000000,0.5000000000,0.5000000000,0.0000000000,0.0000000000
5.325944,1.0000000000,1.0000000000,1.0000000000,0.0000000000,0.0000000000,0.0000000000,0.5000000000,0.5000000000,0.5000000000,0.0000000000,0.0000000000
5.409161,1.0000000000,1.0000000000,1.0000000000,0.0000000000,0.0000000000,0.0000000000,0.5000000000,0.5000000000,0.5000000000,0.0000000000,0.0000000000
5.492379,1.0000000000,1.0000000000,1.0000000000,0.0000000000,0.0000000000,0.0000000000,0.5000000000,0.5000000000,0.5000000000,0.0000000000,0.0000000000
5.575597,1.0000000000,1.0000000000,1.0000000000,0.0000000000,0.0000000000,0.0000000000,0.5000000000,0.5000000000,0.5000000000,0.0000000000,0.0000000000
5.658815,1.0000000000,1.0000000000,1.0000000000,0.0000000000,0.0000000000,0.0000000000,0.5000000000,0.5000000000,0.5000000000,0.0000000000,0.0000000000
5.742033,1.0000000000,1.0000000000,1.0000000000,0.0000000000,0.0000000000,0.0000000000,0.5000000000,0.5000000000,0.5000000000,0.0000000000,0.0000000000
5.825251,1.0000000000,1.0000000000,1.0000000000,0.0000000000,0.0000000000,0.0000000000,0.5000000000,0.5000000000,0.5000000000,0.0000000000,0.0000000000
5.908469,1.0000000000,1.0000000000,1.0000000000,0.0000000000,0.0000000000,0.0000000000,0.5000000000,0.5000000000,0.5000000000,0.0000000000,0.0000000000
5.991686,1.0000000000,1.0000000000,1.0000000000,0.5000000000,0.0000000000,0.0000000000,0.5000000000,1.0000000000,1.0000000000,0.0000000000,0.0000000000
6.074904,1.0000000000,1.0000000000,1.0000000000,0.5000000000,0.0000000000,0.0000000000,0.5000000000,1.0000000000,1.0000000000,0.0000000000,0.0000000000
6.158122,1.0000000000,1.0000000000,1.0000000000,0.5000000000,0.0000000000,0.0000000000,0.5000000000,1.0000000000,1.0000000000,0.0000000000,0.0000000000
6.241340,1.0000000000,1.0000000000,1.0000000000,0.5000000000,0.0000000000,0.0000000000,0.5000000000,1.0000000000,1.0000000000,0.0000000000,0.0000000000
6.324558,1.0000000000,1.0000000000,1.0000000000,0.5000000000,0.0000000000,0.0000000000,0.5000000000,1.0000000000,1.0000000000,0.0000000000,0.0000000000
6.407776,1.0000000000,1.0000000000,1.0000000000,0.5000000000,0.0000000000,0.0000000000,0.5000000000,1.0000000000,1.0000000000,0.0000000000,0.0000000000
6.490994,1.0000000000,1.0000000000,1.0000000000,0.5000000000,0.0000000000,0.0000000000,0.5000000000,1.0000000000,1.0000000000,0.0000000000,0.0000000000
6.574212,1.0000000000,1.0000000000,1.0000000000,0.5000000000,0.0000000000,0.0000000000,0.5000000000,1.0000000000,1.0000000000,0.0000000000,0.0000000000
6.657429,1.0000000000,1.0000000000,1.0000000000,0.5000000000,0.0000000000,0.0000000000,0.5000000000,1.0000000000,1.0000000000,0.0000000000,0.0000000000
6.740647,1.0000000000,1.0000000000,1.0000000000,0.5000000000,0.0000000000,0.0000000000,0.5000000000,1.0000000000,1.0000000000,0.0000000000,0.0000000000
6.823865,1.0000000000,1.0000000000,1.0000000000,0.5000000000,0.0000000000,0.0000000000,0.5000000000,1.0000000000,1.0000000000,0.0000000000,0.0000000000
6.907083,1.0000000000,1.0000000000,1.0000000000,0.5000000000,0.0000000000,0.0000000000,0.5000000000,1.0000000000,1.0000000000,0.0000000000,0.0000000000
6.990301,1.0000000000,1.0000000000,1.0000000000,0.5000000000,0.0000000000,0.0000000000,0.5000000000,1.0000000000,1.0000000000,0.0000000000,0.0000000000
7.073519,1.0000000000,1.0000000000,1.0000000000,0.5000000000,0.0000000000,0.0000000000,0.5000000000,1.0000000000,1.0000000000,0.0000000000,0.0000000000
7.156737,1.0000000000,1.0000000000,1.0000000000,0.5000000000,0.0000000000,0.0000000000,0.5000000000,1.0000000000,1.0000000000,0.0000000000,0.0000000000
7.239954,1.0000000000,1.0000000000,1.0000000000,0.5000000000,0.0000000000,0.0000000000,0.5000000000,1.0000000000,1.0000000000,0.0000000000,0.0000000000
7.323172,1.0000000000,1.0000000000,1.0000000000,0.5000000000,0.0000000000,0.0000000000,0.5000000000,1.0000000000,1.0000000000,0.0000000000,0.0000000000
7.406390,1.0000000000,1.0000000000,1.0000000000,0.5000000000,0.0000000000,0.0000000000,0.5000000000,1.0000000000,1.0000000000,0.0000000000,0.0000000000
7.489608,1.0000000000,1.0000000000,1.0000000000,0.5000000000,0.0000000000,0.0000000000,0.5000000000,1.0000000000,1.0000000000,0.0000000000,0.0000000000
7.572826,1.0000000000,1.0000000000,1.0000000000,0.5000000000,0.0000000000,0.0000000000,0.5000000000,1.0000000000,1.0000000000,0.0000000000,0.0000000000
7.656044,1.0000000000,1.0000000000,1.0000000000,0.5000000000,0.0000000000,0.0000000000,0.5000000000,1.0000000000,1.0000000000,0.0000000000,0.0000000000
7.739262,1.0000000000,1.0000000000,1.0000000000,0.5000000000,0.0000000000,0.0000000000,0.5000000000,1.0000000000,1.0000000000,0.0000000000,0.0000000000
7.822480,1.0000000000,1.0000000000,1.0000000000,0.5000000000,0.0000000000,0.0000000000,0.5000000000,1.0000000000,1.0000000000,0.0000000000,0.0000000000
7.905697,1.0000000000,1.0000000000,1.0000000000,0.5000000000,0.0000000000,0.0000000000,0.5000000000,1.0000000000,1.0000000000,0.0000000000,0.0000000000
7.988915,1.0000000000,1.0000000000,1.0000000000,0.5000000000,0.0000000000,0.0000000000,0.5000000000,1.0000000000,1.0000000000,0.0000000000,0.0000000000
8.072133,1.0000000000,1.0000000000,1.0000000000,0.5000000000,0.0000000000,0.0000000000,0.5000000000,1.0000000000,1.0000000000,0.0000000000,0.0000000000
8.155351,1.0000000000,1.0000000000,1.0000000000,0.5000000000,0.0000000000,0.0000000000,0.5000000000,1.0000000000,1.0000000000,0.0000000000,0.0000000000
8.238569,1.0000000000,1.0000000000,1.0000000000,0.5000000000,0.0000000000,0.0000000000,0.5000000000,1.0000000000,1.0000000000,0.0000000000,0.0000000000
8.321787,1.0000000000,1.0000000000,1.0000000000,0.5000000000,0.0000000000,0.0000000000,0.5000000000,1.0000000000,1.0000000000,0.0000000000,0.0000000000
8.405005,1.0000000000,1.0000000000,1.0000000000,0.5000000000,0.0000000000,0.0000000000,0.5000000000,1.0000000000,1.0000000000,0.0000000000,0.0000000000
8.488222,1.0000000000,1.0000000000,1.0000000000,0.5000000000,0.0000000000,0.0000000000,0.5000000000,1.0000000000,1.0000000000,0.0000000000,0.0000000000
8.571440,1.0000000000,1.0000000000,1.0000000000,0.5000000000,0.0000000000,0.0000000000,0.5000000000,1.0000000000,1.0000000000,0.0000000000,0.0000000000
8.654658,1.0000000000,1.0000000000,1.0000000000,0.5000000000,0.0000000000,0.0000000000,0.5000000000,1.0000000000,1.0000000000,0.0000000000,0.0000000000
8.737876,1.0000000000,1.0000000000,1.0000000000,0.5000000000,0.0000000000,0.0000000000,0.5000000000,1.0000000000,1.0000000000,0.0000000000,0.0000000000
8.821094,1.0000000000,1.0000000000,1.0000000000,0.5000000000,0.0000000000,0.0000000000,0.5000000000,1.0000000000,1.0000000000,0.0000000000,0.0000000000
8.904312,1.0000000000,1.0000000000,1.0000000000,0.5000000000,0.0000000000,0.0000000000,0.5000000000,1.0000000000,1.0000000000,0.0000000000,0.0000000000
8.987530,1.0000000000,1.0000000000,1.0000000000,0.5000000000,0.0000000000,0.0000000000,0.5000000000,1.0000000000,1.0000000000,0.0000000000,0.0000000000
9.070748,1.0000000000,1.0000000000,1.0000000000,0.5000000000,0.0000000000,0.0000000000,0.5000000000,1.0000000000,1.0000000000,0.0000000000,0.0000000000
9.153965,1.0000000000,1.0000000000,1.0000000000,0.5000000000,0.5000000000,0.0000000000,0.5000000000,1.0000000000,1.0000000000,0.0000000000,0.0000000000
9.237183,1.0000000000,1.0000000000,1.0000000000,0.5000000000,0.5000000000,0.0000000000,0.5000000000,1.0000000000,1.0000000000,0.0000000000,0.0000000000
9.320401,1.0000000000,1.0000000000,1.0000000000,0.5000000000,0.5000000000,0.0000000000,0.5000000000,1.0000000000,1.0000000000,0.0000000000,0.0000000000
9.403619,1.0000000000,1.0000000000,1.0000000000,0.5000000000,0.5000000000,0.0000000000,0.5000000000,1.0000000000,1.0000000000,0.0000000000,0.0000000000
9.486837,1.0000000000,1.0000000000,1.0000000000,0.5000000000,0.5000000000,0.0000000000,0.5000000000,1.0000000000,1.0000000000,0.0000000000,0.0000000000
9.570055,1.0000000000,1.0000000000,1.0000000000,0.5000000000,0.5000000000,0.0000000000,0.5000000000,1.0000000000,1.0000000000,0.0000000000,0.0000000000
9.653273,1.0000000000,1.0000000000,1.0000000000,0.5000000000,0.5000000000,0.0000000000,0.5000000000,1.0000000000,1.0000000000,0.0000000000,0.0000000000
9.736490,1.0000000000,1.0000000000,1.0000000000,0.5000000000,0.5000000000,0.0000000000,0.5000000000,1.0000000000,1.0000000000,0.0000000000,0.0000000000
9.819708,1.0000000000,1.0000000000,1.0000000000,0.5000000000,0.5000000000,0.0000000000,0.5000000000,1.0000000000,1.0000000000,0.0000000000,0.0000000000
9.902926,1.0000000000,1.0000000000,1.0000000000,0.5000000000,0.5000000000,0.0000000000,0.5000000000,1.0000000000,1.0000000000,0.0000000000,0.0000000000
9.986144,1.0000000000,1.0000000000,1.0000000000,0.5000000000,0.5000000000,0.0000000000,0.5000000000,1.0000000000,1.0000000000,0.0000000000,0.0000000000
10.069362,1.0000000000,1.0000000000,1.0000000000,0.5000000000,0.5000000000,0.0000000000,0.5000000000,1.0000000000,1.0000000000,0.0000000000,0.0000000000
10.152580,1.0000000000,1.0000000000,1.0000000000,0.5000000000,0.5000000000,0.0000000000,0.5000000000,1.0000000000,1.0000000000,0.0000000000,0.0000000000
10.235798,1.0000000000,1.0000000000,1.0000000000,0.5000000000,0.5000000000,0.0000000000,0.5000000000,1.0000000000,1.0000000000,0.0000000000,0.0000000000
10.319016,1.0000000000,1.0000000000,1.0000000000,0.5000000000,0.5000000000,0.0000000000,0.5000000000,1.0000000000,1.0000000000,0.0000000000,0.0000000000
10.402233,1.0000000000,1.0000000000,1.0000000000,0.5000000000,0.5000000000,0.0000000000,0.5000000000,1.0000000000,1.0000000000,0.0000000000,0.0000000000
10.485451,1.0000000000,1.0000000000,1.0000000000,0.5000000000,0.5000000000,0.0000000000,0.5000000000,1.0000000000,1.0000000000,0.0000000000,0.0000000000
10.568669,1.0000000000,1.0000000000,1.0000000000,0.5000000000,0.5000000000,0.0000000000,0.5000000000,1.0000000000,1.0000000000,0.0000000000,0.0000000000
10.651887,1.0000000000,1.0000000000,1.0000000000,0.5000000000,0.5000000000,0.0000000000,0.5000000000,1.0000000000,1.0000000000,0.0000000000,0.0000000000
10.735105,1.0000000000,1.0000000000,1.0000000000,0.5000000000,0.5000000000,0.0000000000,0.5000000000,1.0000000000,1.0000000000,0.0000000000,0.0000000000
10.818323,1.0000000000,1.0000000000,1.0000000000,0.5000000000,0.5000000000,0.0000000000,0.5000000000,1.0000000000,1.0000000000,0.0000000000,0.0000000000
10.901541,1.0000000000,1.0000000000,1.0000000000,0.5000000000,0.5000000000,0.0000000000,0.5000000000,1.0000000000,1.0000000000,0.0000000000,0.0000000000
10.984758,1.0000000000,1.0000000000,1.0000000000,0.5000000000,0.5000000000,0.0000000000,0.5000000000,1.0000000000,1.0000000000,0.0000000000,0.0000000000
11.067976,1.0000000000,1.0000000000,1.0000000000,0.5000000000,0.5000000000,0.0000000000,0.5000000000,1.0000000000,1.0000000000,0.0000000000,0.0000000000
11.151194,1.0000000000,1.0000000000,1.0000000000,0.5000000000,0.5000000000,0.0000000000,0.5000000000,1.0000000000,1.0000000000,0.0000000000,0.0000000000
11.234412,1.0000000000,1.0000000000,1.0000000000,0.5000000000,0.5000000000,0.0000000000,0.5000000000,1.0000000000,1.0000000000,0.0000000000,0.0000000000
11.317630,1.0000000000,1.0000000000,1.0000000000,0.5000000000,0.5000000000,0.0000000000,0.5000000000,1.0000000000,1.0000000000,0.0000000000,0.0000000000
11.400848,1.0000000000,1.0000000000,1.0000000000,0.5000000000,0.5000000000,0.0000000000,0.5000000000,1.0000000000,1.0000000000,0.0000000000,0.0000000000
11.484066,1.0000000000,1.0000000000,1.0000000000,0.5000000000,0.5000000000,0.0000000000,0.5000000000,1.0000000000,1.0000000000,0.0000000000,0.0000000000
11.567284,1.0000000000,1.0000000000,1.0000000000,0.5000000000,0.5000000000,0.0000000000,0.5000000000,1.0000000000,1.0000000000,0.0000000000,0.0000000000
11.650501,1.0000000000,1.0000000000,1.0000000000,0.5000000000,0.5000000000,0.0000000000,0.5000000000,1.0000000000,1.0000000000,0.0000000000,0.0000000000
11.733719,1.0000000000,1.0000000000,1.0000000000,0.5000000000,0.5000000000,0.0000000000,0.5000000000,1.0000000000,1.0000000000,0.0000000000,0.0000000000
11.816937,1.0000000000,1.0000000000,1.0000000000,0.5000000000,0.5000000000,0.0000000000,0.5000000000,1.0000000000,1.0000000000,0.0000000000,0.0000000000
11.900155,1.0000000000,1.0000000000,1.0000000000,0.5000000000,0.5000000000,0.0000000000,0.5000000000,1.0000000000,1.0000000000,0.0000000000,0.0000000000
11.983373,1.0000000000,1.0000000000,1.0000000000,0.5000000000,0.5000000000,0.0000000000,0.5000000000,1.0000000000,1.0000000000,0.0000000000,0.0000000000
12.066591,1.0000000000,1.0000000000,1.0000000000,0.5000000000,0.5000000000,0.0000000000,0.5000000000,1.0000000000,1.0000000000,0.0000000000,0.0000000000
12.149809,1.0000000000,1.0000000000,1.0000000000,0.5000000000,0.5000000000,0.0000000000,0.5000000000,1.0000000000,1.0000000000,0.0000000000,0.0000000000
12.233026,1.0000000000,1.0000000000,1.0000000000,0.5000000000,0.5000000000,0.0000000000,0.5000000000,1.0000000000,1.0000000000,0.5000000000,0.0000000000
12.316244,1.0000000000,1.0000000000,1.0000000000,0.5000000000,0.5000000000,0.0000000000,0.5000000000,1.0000000000,1.0000000000,0.5000000000,0.0000000000
12.399462,1.0000000000,1.0000000000,1.0000000000,0.5000000000,0.5000000000,0.0000000000,0.5000000000,1.0000000000,1.0000000000,0.5000000000,0.0000000000
12.482680,1.0000000000,1.0000000000,1.0000000000,0.5000000000,0.5000000000,0.0000000000,0.5000000000,1.0000000000,1.0000000000,0.5000000000,0.0000000000
12.565898,1.0000000000,1.0000000000,1.0000000000,0.5000000000,0.5000000000,0.0000000000,0.5000000000,1.0000000000,1.0000000000,0.5000000000,0.0000000000
12.649116,1.0000000000,1.0000000000,1.0000000000,0.5000000000,0.5000000000,0.0000000000,0.5000000000,1.0000000000,1.0000000000,0.5000000000,0.0000000000
12.732334,1.0000000000,1.0000000000,1.0000000000,0.5000000000,0.5000000000,0.0000000000,0.5000000000,1.0000000000,1.0000000000,0.5000000000,0.0000000000
12.815552,1.0000000000,1.0000000000,1.0000000000,0.5000000000,0.5000000000,0.0000000000,0.5000000000,1.0000000000,1.0000000000,0.5000000000,0.0000000000
12.898769,1.0000000000,1.0000000000,1.0000000000,0.5000000000,0.5000000000,0.0000000000,0.5000000000,1.0000000000,1.0000000000,0.5000000000,0.0000000000
12.981987,1.0000000000,1.0000000000,1.0000000000,0.5000000000,0.5000000000,0.0000000000,0.5000000000,1.0000000000,1.0000000000,0.5000000000,0.0000000000
13.065205,1.0000000000,1.0000000000,1.0000000000,0.5000000000,0.5000000000,0.0000000000,0.5000000000,1.0000000000,1.0000000000,0.5000000000,0.0000000000
13.148423,1.0000000000,1.0000000000,1.0000000000,0.5000000000,0.5000000000,0.0000000000,0.5000000000,1.0000000000,1.0000000000,0.5000000000,0.0000000000
13.231641,1.0000000000,1.0000000000,1.0000000000,0.5000000000,0.5000000000,0.0000000000,0.5000000000,1.0000000000,1.0000000000,0.5000000000,0.0000000000
13.314859,1.0000000000,1.0000000000,1.0000000000,0.5000000000,0.5000000000,0.0000000000,0.5000000000,1.0000000000,1.0000000000,0.5000000000,0.0000000000
13.398077,1.0000000000,1.0000000000,1.0000000000,0.5000000000,0.5000000000,0.0000000000,0.5000000000,1.0000000000,1.0000000000,0.5000000000,0.0000000000
13.481295,1.0000000000,1.0000000000,1.0000000000,0.5000000000,0.5000000000,0.0000000000,0.5000000000,1.0000000000,1.0000000000,0.5000000000,0.0000000000
13.564512,1.0000000000,1.0000000000,1.0000000000,0.5000000000,0.5000000000,0.0000000000,0.5000000000,1.0000000000,1.0000000000,0.5000000000,0.0000000000
13.647730,1.0000000000,1.0000000000,1.0000000000,0.5000000000,0.5000000000,0.0000000000,0.5000000000,1.0000000000,1.0000000000,0.5000000000,0.0000000000
13.730948,1.0000000000,1.0000000000,1.0000000000,0.5000000000,0.5000000000,0.0000000000,0.5000000000,1.0000000000,1.0000000000,0.5000000000,0.0000000000
13.814166,1.0000000000,1.0000000000,1.0000000000,0.5000000000,0.5000000000,0.0000000000,0.5000000000,1.0000000000,1.0000000000,0.5000000000,0.0000000000
13.897384,1.0000000000,1.0000000000,1.0000000000,0.5000000000,0.5000000000,0.5000000000,0.5000000000,1.0000000000,1.0000000000,0.5000000000,0.0000000000
13.980602,1.0000000000,1.0000000000,1.0000000000,0.5000000000,0.5000000000,0.5000000000,0.5000000000,1.0000000000,1.0000000000,0.5000000000,0.0000000000
14.063820,1.0000000000,1.0000000000,1.0000000000,0.5000000000,0.5000000000,0.5000000000,0.5000000000,1.0000000000,1.0000000000,0.5000000000,0.0000000000
14.147037,1.0000000000,1.0000000000,1.0000000000,0.5000000000,0.5000000000,0.5000000000,0.5000000000,1.0000000000,1.0000000000,0.5000000000,0.0000000000
14.230255,1.0000000000,1.0000000000,1.0000000000,0.5000000000,0.5000000000,0.5000000000,0.5000000000,1.0000000000,1.0000000000,0.5000000000,0.0000000000
14.313473,1.0000000000,1.0000000000,1.0000000000,0.5000000000,0.5000000000,0.5000000000,0.5000000000,1.0000000000,1.0000000000,0.5000000000,0.0000000000
14.396691,1.0000000000,1.0000000000,1.0000000000,0.5000000000,0.5000000000,0.5000000000,0.5000000000,1.0000000000,1.0000000000,0.5000000000,0.0000000000
14.479909,1.0000000000,1.0000000000,1.0000000000,0.5000000000,0.5000000000,0.5000000000,0.5000000000,1.0000000000,1.0000000000,0.5000000000,0.0000000000
14.563127,1.0000000000,1.0000000000,1.0000000000,0.5000000000,0.5000000000,0.5000000000,0.5000000000,1.0000000000,1.0000000000,0.5000000000,0.0000000000
14.646345,1.0000000000,1.0000000000,1.0000000000,0.5000000000,0.5000000000,0.5000000000,0.5000000000,1.0000000000,1.0000000000,0.5000000000,0.0000000000
14.729563,1.0000000000,1.0000000000,1.0000000000,0.5000000000,0.5000000000,0.5000000000,0.5000000000,1.0000000000,1.0000000000,0.5000000000,0.0000000000
14.812780,1.0000000000,1.0000000000,1.0000000000,0.5000000000,0.5000000000,0.5000000000,0.5000000000,1.0000000000,1.0000000000,0.5000000000,0.0000000000
14.895998,1.0000000000,1.0000000000,1.0000000000,0.5000000000,0.5000000000,0.5000000000,0.5000000000,1.0000000000,1.0000000000,0.5000000000,0.0000000000
14.979216,1.0000000000,1.0000000000,1.0000000000,0.5000000000,0.5000000000,0.5000000000,0.5000000000,1.0000000000,1.0000000000,0.5000000000,0.0000000000
15.062434,1.0000000000,1.0000000000,1.0000000000,0.5000000000,0.5000000000,0.5000000000,0.5000000000,1.0000000000,1.0000000000,0.5000000000,0.0000000000
15.145652,1.0000000000,1.0000000000,1.0000000000,0.5000000000,0.5000000000,0.5000000000,0.5000000000,1.0000000000,1.0000000000,0.5000000000,0.0000000000
15.228870,1.0000000000,1.0000000000,1.0000000000,0.5000000000,0.5000000000,0.5000000000,0.5000000000,1.0000000000,1.0000000000,0.5000000000,0.0000000000
15.312088,1.0000000000,1.0000000000,1.0000000000,0.5000000000,0.5000000000,0.5000000000,0.5000000000,1.0000000000,1.0000000000,0.5000000000,0.0000000000
15.395305,1.0000000000,1.0000000000,1.0000000000,0.5000000000,0.5000000000,0.5000000000,0.5000000000,1.0000000000,1.0000000000,0.5000000000,0.0000000000
15.478523,1.0000000000,1.0000000000,1.0000000000,0.5000000000,0.5000000000,0.5000000000,0.5000000000,1.0000000000,1.0000000000,0.5000000000,0.0000000000
15.561741,1.0000000000,1.0000000000,1.0000000000,0.5000000000,0.5000000000,0.5000000000,0.5000000000,1.0000000000,1.0000000000,0.5000000000,0.0000000000
15.644959,1.0000000000,1.0000000000,1.0000000000,0.5000000000,0.5000000000,0.5000000000,0.5000000000,1.0000000000,1.0000000000,0.5000000000,0.0000000000
15.728177,1.0000000000,1.0000000000,1.0000000000,0.5000000000,0.5000000000,0.5000000000,0.5000000000,1.0000000000,1.0000000000,0.5000000000,0.0000000000
15.811395,1.0000000000,1.0000000000,1.0000000000,0.5000000000,0.5000000000,0.5000000000,0.5000000000,1.0000000000,1.0000000000,0.5000000000,0.0000000000
15.894613,1.0000000000,1.0000000000,1.0000000000,0.5000000000,0.5000000000,0.5000000000,0.5000000000,1.0000000000,1.0000000000,0.5000000000,0.0000000000
15.977831,1.0000000000,1.0000000000,1.0000000000,0.5000000000,0.5000000000,0.5000000000,0.5000000000,1.0000000000,1.0000000000,0.5000000000,0.0000000000
16.061048,1.0000000000,1.0000000000,1.0000000000,0.5000000000,0.5000000000,0.5000000000,0.5000000000,1.0000000000,1.0000000000,0.5000000000,0.0000000000
16.144266,1.0000000000,1.0000000000,1.0000000000,0.5000000000,0.5000000000,0.5000000000,0.5000000000,1.0000000000,1.0000000000,0.5000000000,0.0000000000
16.227484,1.0000000000,1.0000000000,1.0000000000,0.5000000000,0.5000000000,0.5000000000,0.5000000000,1.0000000000,1.0000000000,0.5000000000,0.0000000000
16.310702,1.0000000000,1.0000000000,1.0000000000,0.5000000000,0.5000000000,0.5000000000,0.5000000000,1.0000000000,1.0000000000,0.5000000000,0.0000000000
16.393920,1.0000000000,1.0000000000,1.0000000000,0.5000000000,0.5000000000,0.5000000000,0.5000000000,1.0000000000,1.0000000000,0.5000000000,0.0000000000
16.477138,1.0000000000,1.0000000000,1.0000000000,0.5000000000,0.5000000000,0.5000000000,0.5000000000,1.0000000000,1.0000000000,0.5000000000,0.0000000000
16.560356,1.0000000000,1.0000000000,1.0000000000,0.5000000000,0.5000000000,0.5000000000,0.5000000000,1.0000000000,1.0000000000,0.5000000000,0.0000000000
16.643573,1.0000000000,1.0000000000,1.0000000000,0.5000000000,0.5000000000,0.5000000000,0.5000000000,1.0000000000,1.0000000000,0.5000000000,0.0000000000
16.726791,1.0000000000,1.0000000000,1.0000000000,0.5000000000,0.5000000000,0.5000000000,0.5000000000,1.0000000000,1.0000000000,0.5000000000,0.0000000000
16.810009,1.0000000000,1.0000000000,1.0000000000,0.5000000000,0.5000000000,0.5000000000,0.5000000000,1.0000000000,1.0000000000,0.5000000000,0.0000000000
16.893227,1.0000000000,1.0000000000,1.0000000000,0.5000000000,0.5000000000,0.5000000000,0.5000000000,1.0000000000,1.0000000000,0.5000000000,0.0000000000
16.976445,1.0000000000,1.0000000000,1.0000000000,0.5000000000,0.5000000000,0.5000000000,0.5000000000,1.0000000000,1.0000000000,0.5000000000,0.0000000000
17.059663,1.0000000000,1.0000000000,1.0000000000,0.5000000000,0.5000000000,0.5000000000,0.5000000000,1.0000000000,1.0000000000,0.5000000000,0.0000000000
17.142881,1.0000000000,1.0000000000,1.0000000000,0.5000000000,0.5000000000,0.5000000000,0.5000000000,1.0000000000,1.0000000000,1.0000000000,0.0000000000
17.226099,1.0000000000,1.0000000000,1.0000000000,0.5000000000,0.5000000000,0.5000000000,0.5000000000,1.0000000000,1.0000000000,1.0000000000,0.0000000000
17.309316,1.0000000000,1.0000000000,1.0000000000,0.5000000000,0.5000000000,0.5000000000,0.5000000000,1.0000000000,1.0000000000,1.0000000000,0.0000000000
17.392534,1.0000000000,1.0000000000,1.0000000000,0.5000000000,0.5000000000,0.5000000000,0.5000000000,1.0000000000,1.0000000000,1.0000000000,0.0000000000
17.475752,1.0000000000,1.0000000000,1.0000000000,0.5000000000,0.5000000000,0.5000000000,0.5000000000,1.0000000000,1.0000000000,1.0000000000,0.0000000000
17.558970,1.0000000000,1.0000000000,1.0000000000,0.5000000000,0.5000000000,0.5000000000,0.5000000000,1.0000000000,1.0000000000,1.0000000000,0.0000000000
17.642188,1.0000000000,1.0000000000,1.0000000000,0.5000000000,0.5000000000,0.5000000000,0.5000000000,1.0000000000,1.0000000000,1.0000000000,0.0000000000
17.725406,1.0000000000,1.0000000000,1.0000000000,0.5000000000,0.5000000000,0.5000000000,0.5000000000,1.0000000000,1.0000000000,1.0000000000,0.0000000000
17.808624,1.0000000000,1.0000000000,1.0000000000,0.5000000000,0.5000000000,0.5000000000,0.5000000000,1.0000000000,1.0000000000,1.0000000000,0.0000000000
17.891841,1.0000000000,1.0000000000,1.0000000000,0.5000000000,0.5000000000,0.5000000000,0.5000000000,1.0000000000,1.0000000000,1.0000000000,0.0000000000
17.975059,1.0000000000,1.0000000000,1.0000000000,0.5000000000,0.5000000000,0.5000000000,0.5000000000,1.0000000000,1.0000000000,1.0000000000,0.0000000000
18.058277,1.0000000000,1.0000000000,1.0000000000,0.5000000000,0.5000000000,0.5000000000,0.5000000000,1.0000000000,1.0000000000,1.0000000000,0.0000000000
18.141495,1.0000000000,1.0000000000,1.0000000000,0.5000000000,0.5000000000,0.5000000000,0.5000000000,1.0000000000,1.0000000000,1.0000000000,0.0000000000
18.224713,1.0000000000,1.0000000000,1.0000000000,0.5000000000,0.5000000000,0.5000000000,0.5000000000,1.0000000000,1.0000000000,1.0000000000,0.0000000000
18.307931,1.0000000000,1.0000000000,1.0000000000,0.5000000000,0.5000000000,0.5000000000,0.5000000000,1.0000000000,1.0000000000,1.0000000000,0.0000000000
18.391149,1.0000000000,1.0000000000,1.0000000000,0.5000000000,0.5000000000,0.5000000000,0.5000000000,1.0000000000,1.0000000000,1.0000000000,0.0000000000
18.474367,1.0000000000,1.0000000000,1.0000000000,0.5000000000,0.5000000000,0.5000000000,0.5000000000,1.0000000000,1.0000000000,1.0000000000,0.0000000000
18.557584,1.0000000000,1.0000000000,1.0000000000,0.5000000000,0.5000000000,0.5000000000,0.5000000000,1.0000000000,1.0000000000,1.0000000000,0.0000000000
18.640802,1.0000000000,1.0000000000,1.0000000000,0.5000000000,0.5000000000,0.5000000000,0.5000000000,1.0000000000,1.0000000000,1.0000000000,0.0000000000
18.724020,1.0000000000,1.0000000000,1.0000000000,0.5000000000,0.5000000000,0.5000000000,0.5000000000,1.0000000000,1.0000000000,1.0000000000,0.0000000000
18.807238,1.0000000000,1.0000000000,1.0000000000,1.0000000000,0.5000000000,0.5000000000,0.5000000000,1.0000000000,1.0000000000,1.0000000000,0.0000000000
18.890456,1.0000000000,1.0000000000,1.0000000000,1.0000000000,0.5000000000,0.5000000000,0.5000000000,1.0000000000,1.0000000000,1.0000000000,0.0000000000
18.973674,1.0000000000,1.0000000000,1.0000000000,1.0000000000,0.5000000000,0.5000000000,0.5000000000,1.0000000000,1.0000000000,1.0000000000,0.0000000000
19.056892,1.0000000000,1.0000000000,1.0000000000,1.0000000000,0.5000000000,0.5000000000,0.5000000000,1.0000000000,1.0000000000,1.0000000000,0.0000000000
19.140109,1.0000000000,1.0000000000,1.0000000000,1.0000000000,0.5000000000,0.5000000000,0.5000000000,1.0000000000,1.0000000000,1.0000000000,0.0000000000
19.223327,1.0000000000,1.0000000000,1.0000000000,1.0000000000,0.5000000000,0.5000000000,0.5000000000,1.0000000000,1.0000000000,1.0000000000,0.0000000000
19.306545,1.0000000000,1.0000000000,1.0000000000,1.0000000000,0.5000000000,0.5000000000,0.5000000000,1.0000000000,1.0000000000,1.0000000000,0.0000000000
19.389763,1.0000000000,1.0000000000,1.0000000000,1.0000000000,0.5000000000,0.5000000000,0.5000000000,1.0000000000,1.0000000000,1.0000000000,0.0000000000
19.472981,1.0000000000,1.0000000000,1.0000000000,1.0000000000,0.5000000000,0.5000000000,0.5000000000,1.0000000000,1.0000000000,1.0000000000,0.0000000000
19.556199,1.0000000000,1.0000000000,1.0000000000,1.0000000000,0.5000000000,0.5000000000,0.5000000000,1.0000000000,1.0000000000,1.0000000000,0.0000000000
19.639417,1.0000000000,1.0000000000,1.0000000000,1.0000000000,0.5000000000,0.5000000000,0.5000000000,1.0000000000,1.0000000000,1.0000000000,0.0000000000
19.722635,1.0000000000,1.0000000000,1.0000000000,1.0000000000,0.5000000000,0.5000000000,0.5000000000,1.0000000000,1.0000000000,1.0000000000,0.0000000000
19.805852,1.0000000000,1.0000000000,1.0000000000,1.0000000000,0.5000000000,0.5000000000,0.5000000000,1.0000000000,1.0000000000,1.0000000000,0.0000000000
19.889070,1.0000000000,1.0000000000,1.0000000000,1.0000000000,0.5000000000,0.5000000000,0.5000000000,1.0000000000,1.0000000000,1.0000000000,0.0000000000
19.972288,1.0000000000,1.0000000000,1.0000000000,1.0000000000,0.5000000000,0.5000000000,0.5000000000,1.0000000000,1.0000000000,1.0000000000,0.0000000000
20.055506,1.0000000000,1.0000000000,1.0000000000,1.0000000000,0.5000000000,0.5000000000,0.5000000000,1.0000000000,1.0000000000,1.0000000000,0.0000000000
20.138724,1.0000000000,1.0000000000,1.0000000000,1.0000000000,0.5000000000,0.5000000000,0.5000000000,1.0000000000,1.0000000000,1.0000000000,0.0000000000
20.221942,1.0000000000,1.0000000000,1.0000000000,1.0000000000,0.5000000000,0.5000000000,0.5000000000,1.0000000000,1.0000000000,1.0000000000,0.0000000000
20.305160,1.0000000000,1.0000000000,1.0000000000,1.0000000000,0.5000000000,0.5000000000,0.5000000000,1.0000000000,1.0000000000,1.0000000000,0.0000000000
20.388377,1.0000000000,1.0000000000,1.0000000000,1.0000000000,0.5000000000,0.5000000000,0.5000000000,1.0000000000,1.0000000000,1.0000000000,0.0000000000
20.471595,1.0000000000,1.0000000000,1.0000000000,1.0000000000,0.5000000000,0.5000000000,0.5000000000,1.0000000000,1.0000000000,1.0000000000,0.0000000000
20.554813,1.0000000000,1.0000000000,1.0000000000,1.0000000000,0.5000000000,0.5000000000,0.5000000000,1.0000000000,1.0000000000,1.0000000000,0.0000000000
20.638031,1.0000000000,1.0000000000,1.0000000000,1.0000000000,0.5000000000,0.5000000000,0.5000000000,1.0000000000,1.0000000000,1.0000000000,0.0000000000
20.721249,1.0000000000,1.0000000000,1.0000000000,1.0000000000,0.5000000000,0.5000000000,0.5000000000,1.0000000000,1.0000000000,1.0000000000,0.0000000000
20.804467,1.0000000000,1.0000000000,1.0000000000,1.0000000000,0.5000000000,0.5000000000,0.5000000000,1.0000000000,1.0000000000,1.0000000000,0.0000000000
20.887685,1.0000000000,1.0000000000,1.0000000000,1.0000000000,0.5000000000,0.5000000000,0.5000000000,1.0000000000,1.0000000000,1.0000000000,0.0000000000
20.970903,1.0000000000,1.0000000000,1.0000000000,1.0000000000,0.5000000000,0.5000000000,0.5000000000,1.0000000000,1.0000000000,1.0000000000,0.0000000000
21.054120,1.0000000000,1.0000000000,1.0000000000,1.0000000000,0.5000000000,0.5000000000,0.5000000000,1.0000000000,1.0000000000,1.0000000000,0.0000000000
21.137338,1.0000000000,1.0000000000,1.0000000000,1.0000000000,0.5000000000,0.5000000000,0.5000000000,1.0000000000,1.0000000000,1.0000000000,0.0000000000
21.220556,1.0000000000,1.0000000000,1.0000000000,1.0000000000,0.5000000000,0.5000000000,0.5000000000,1.0000000000,1.0000000000,1.0000000000,0.0000000000
21.303774,1.0000000000,1.0000000000,1.0000000000,1.0000000000,0.5000000000,0.5000000000,0.5000000000,1.0000000000,1.0000000000,1.0000000000,0.0000000000
21.386992,1.0000000000,1.0000000000,1.0000000000,1.0000000000,0.5000000000,0.5000000000,0.5000000000,1.0000000000,1.0000000000,1.0000000000,0.0000000000
21.470210,1.0000000000,1.0000000000,1.0000000000,1.0000000000,0.5000000000,0.5000000000,0.5000000000,1.0000000000,1.0000000000,1.0000000000,0.0000000000
21.553428,1.0000000000,1.0000000000,1.0000000000,1.0000000000,0.5000000000,0.5000000000,0.5000000000,1.0000000000,1.0000000000,1.0000000000,0.0000000000
21.636645,1.0000000000,1.0000000000,1.0000000000,1.0000000000,0.5000000000,0.5000000000,0.5000000000,1.0000000000,1.0000000000,1.0000000000,0.0000000000
21.719863,1.0000000000,1.0000000000,1.0000000000,1.0000000000,0.5000000000,0.5000000000,0.5000000000,1.0000000000,1.0000000000,1.0000000000,0.0000000000
21.803081,1.0000000000,1.0000000000,1.0000000000,1.0000000000,0.5000000000,0.5000000000,0.5000000000,1.0000000000,1.0000000000,1.0000000000,0.0000000000
21.886299,1.0000000000,1.0000000000,1.0000000000,1.0000000000,0.5000000000,0.5000000000,0.5000000000,1.0000000000,1.0000000000,1.0000000000,0.0000000000
21.969517,1.0000000000,1.0000000000,1.0000000000,1.0000000000,0.5000000000,0.5000000000,0.5000000000,1.0000000000,1.0000000000,1.0000000000,0.0000000000
22.052735,1.0000000000,1.0000000000,1.0000000000,1.0000000000,0.5000000000,0.5000000000,0.5000000000,1.0000000000,1.0000000000,1.0000000000,0.0000000000
22.135953,1.0000000000,1.0000000000,1.0000000000,1.0000000000,0.5000000000,0.5000000000,0.5000000000,1.0000000000,1.0000000000,1.0000000000,0.0000000000
22.219171,1.0000000000,1.0000000000,1.0000000000,1.0000000000,0.5000000000,0.5000000000,0.5000000000,1.0000000000,1.0000000000,1.0000000000,0.0000000000
22.302388,1.0000000000,1.0000000000,1.0000000000,1.0000000000,0.5000000000,0.5000000000,0.5000000000,1.0000000000,1.0000000000,1.0000000000,0.0000000000
22.385606,1.0000000000,1.0000000000,1.0000000000,1.0000000000,0.5000000000,0.5000000000,0.5000000000,1.0000000000,1.0000000000,1.0000000000,0.0000000000
22.468824,1.0000000000,1.0000000000,1.0000000000,1.0000000000,0.5000000000,0.5000000000,0.5000000000,1.0000000000,1.0000000000,1.0000000000,0.0000000000
22.552042,1.0000000000,1.0000000000,1.0000000000,1.0000000000,0.5000000000,0.5000000000,0.5000000000,1.0000000000,1.0000000000,1.0000000000,0.0000000000
22.635260,1.0000000000,1.0000000000,1.0000000000,1.0000000000,0.5000000000,0.5000000000,0.5000000000,1.0000000000,1.0000000000,1.0000000000,0.0000000000
22.718478,1.0000000000,1.0000000000,1.0000000000,1.0000000000,0.5000000000,0.5000000000,0.5000000000,1.0000000000,1.0000000000,1.0000000000,0.0000000000
22.801696,1.0000000000,1.0000000000,1.0000000000,1.0000000000,0.5000000000,0.5000000000,0.5000000000,1.0000000000,1.0000000000,1.0000000000,0.0000000000
22.884914,1.0000000000,1.0000000000,1.0000000000,1.0000000000,0.5000000000,0.5000000000,0.5000000000,1.0000000000,1.0000000000,1.0000000000,0.0000000000
22.968131,1.0000000000,1.0000000000,1.0000000000,1.0000000000,0.5000000000,0.5000000000,0.5000000000,1.0000000000,1.0000000000,1.0000000000,0.0000000000
23.051349,1.0000000000,1.0000000000,1.0000000000,1.0000000000,0.5000000000,0.5000000000,0.5000000000,1.0000000000,1.0000000000,1.0000000000,0.0000000000
23.134567,1.0000000000,1.0000000000,1.0000000000,1.0000000000,0.5000000000,0.5000000000,0.5000000000,1.0000000000,1.0000000000,1.0000000000,0.0000000000
23.217785,1.0000000000,1.0000000000,1.0000000000,1.0000000000,0.5000000000,0.5000000000,0.5000000000,1.0000000000,1.0000000000,1.0000000000,0.0000000000
23.301003,1.0000000000,1.0000000000,1.0000000000,1.0000000000,0.5000000000,0.5000000000,0.5000000000,1.0000000000,1.0000000000,1.0000000000,0.0000000000
23.384221,1.0000000000,1.0000000000,1.0000000000,1.0000000000,0.5000000000,0.5000000000,0.5000000000,1.0000000000,1.0000000000,1.0000000000,0.0000000000
23.467439,1.0000000000,1.0000000000,1.0000000000,1.0000000000,0.5000000000,0.5000000000,0.5000000000,1.0000000000,1.0000000000,1.0000000000,0.0000000000
23.550656,1.0000000000,1.0000000000,1.0000000000,1.0000000000,0.5000000000,0.5000000000,0.5000000000,1.0000000000,1.0000000000,1.0000000000,0.0000000000
23.633874,1.0000000000,1.0000000000,1.0000000000,1.0000000000,0.5000000000,0.5000000000,0.5000000000,1.0000000000,1.0000000000,1.0000000000,0.0000000000
23.717092,1.0000000000,1.0000000000,1.0000000000,1.0000000000,0.5000000000,0.5000000000,0.5000000000,1.0000000000,1.0000000000,1.0000000000,0.0000000000
23.800310,1.0000000000,1.0000000000,1.0000000000,1.0000000000,0.5000000000,0.5000000000,0.5000000000,1.0000000000,1.0000000000,1.0000000000,0.0000000000
23.883528,1.0000000000,1.0000000000,1.0000000000,1.0000000000,0.5000000000,0.5000000000,0.5000000000,1.0000000000,1.0000000000,1.0000000000,0.0000000000
23.966746,1.0000000000,1.0000000000,1.0000000000,1.0000000000,0.5000000000,0.5000000000,0.5000000000,1.0000000000,1.0000000000,1.0000000000,0.0000000000
24.049964,1.0000000000,1.0000000000,1.0000000000,1.0000000000,0.5000000000,0.5000000000,0.5000000000,1.0000000000,1.0000000000,1.0000000000,0.0000000000
24.133182,1.0000000000,1.0000000000,1.0000000000,1.0000000000,0.5000000000,0.5000000000,0.5000000000,1.0000000000,1.0000000000,1.0000000000,0.0000000000
24.216399,1.0000000000,1.0000000000,1.0000000000,1.0000000000,0.5000000000,0.5000000000,0.5000000000,1.0000000000,1.0000000000,1.0000000000,0.5000000000
24.299617,1.0000000000,1.0000000000,1.0000000000,1.0000000000,0.5000000000,0.5000000000,0.5000000000,1.0000000000,1.0000000000,1.0000000000,0.5000000000
24.382835,1.0000000000,1.0000000000,1.0000000000,1.0000000000,0.5000000000,0.5000000000,0.5000000000,1.0000000000,1.0000000000,1.0000000000,0.5000000000
24.466053,1.0000000000,1.0000000000,1.0000000000,1.0000000000,0.5000000000,0.5000000000,0.5000000000,1.0000000000,1.0000000000,1.0000000000,0.5000000000
24.549271,1.0000000000,1.0000000000,1.0000000000,1.0000000000,0.5000000000,0.5000000000,0.5000000000,1.0000000000,1.0000000000,1.0000000000,0.5000000000
24.632489,1.0000000000,1.0000000000,1.0000000000,1.0000000000,0.5000000000,0.5000000000,0.5000000000,1.0000000000,1.0000000000,1.0000000000,0.5000000000
24.715707,1.0000000000,1.0000000000,1.0000000000,1.0000000000,0.5000000000,0.5000000000,0.5000000000,1.0000000000,1.0000000000,1.0000000000,0.5000000000
24.798924,1.0000000000,1.0000000000,1.0000000000,1.0000000000,0.5000000000,0.5000000000,0.5000000000,1.0000000000,1.0000000000,1.0000000000,0.5000000000
24.882142,1.0000000000,1.0000000000,1.0000000000,1.0000000000,0.5000000000,0.5000000000,0.5000000000,1.0000000000,1.0000000000,1.0000000000,0.5000000000
24.965360,1.0000000000,1.0000000000,1.0000000000,1.0000000000,0.5000000000,0.5000000000,0.5000000000,1.0000000000,1.0000000000,1.0000000000,0.5000000000
25.048578,1.0000000000,1.0000000000,1.0000000000,1.0000000000,0.5000000000,0.5000000000,0.5000000000,1.0000000000,1.0000000000,1.0000000000,0.5000000000
25.131796,1.0000000000,1.0000000000,1.0000000000,1.0000000000,0.5000000000,0.5000000000,0.5000000000,1.0000000000,1.0000000000,1.0000000000,0.5000000000
25.215014,1.0000000000,1.0000000000,1.0000000000,1.0000000000,0.5000000000,0.5000000000,0.5000000000,1.0000000000,1.0000000000,1.0000000000,0.5000000000
25.298232,1.0000000000,1.0000000000,1.0000000000,1.0000000000,0.5000000000,0.5000000000,0.5000000000,1.0000000000,1.0000000000,1.0000000000,0.5000000000
25.381450,1.0000000000,1.0000000000,1.0000000000,1.0000000000,0.5000000000,0.5000000000,0.5000000000,1.0000000000,1.0000000000,1.0000000000,0.5000000000
25.464667,1.0000000000,1.0000000000,1.0000000000,1.0000000000,0.5000000000,0.5000000000,0.5000000000,1.0000000000,1.0000000000,1.0000000000,0.5000000000
25.547885,1.0000000000,1.0000000000,1.0000000000,1.0000000000,0.5000000000,0.5000000000,0.5000000000,1.0000000000,1.0000000000,1.0000000000,0.5000000000
25.631103,1.0000000000,1.0000000000,1.0000000000,1.0000000000,0.5000000000,0.5000000000,0.5000000000,1.0000000000,1.0000000000,1.0000000000,0.5000000000
25.714321,1.0000000000,1.0000000000,1.0000000000,1.0000000000,0.5000000000,0.5000000000,0.5000000000,1.0000000000,1.0000000000,1.0000000000,0.5000000000
25.797539,1.0000000000,1.0000000000,1.0000000000,1.0000000000,0.5000000000,0.5000000000,0.5000000000,1.0000000000,1.0000000000,1.0000000000,0.5000000000
25.880757,1.0000000000,1.0000000000,1.0000000000,1.0000000000,0.5000000000,0.5000000000,0.5000000000,1.0000000000,1.0000000000,1.0000000000,0.5000000000
25.963975,1.0000000000,1.0000000000,1.0000000000,1.0000000000,0.5000000000,0.5000000000,0.5000000000,1.0000000000,1.0000000000,1.0000000000,0.5000000000
26.047192,1.0000000000,1.0000000000,1.0000000000,1.0000000000,0.5000000000,0.5000000000,0.5000000000,1.0000000000,1.0000000000,1.0000000000,0.5000000000
26.130410,1.0000000000,1.0000000000,1.0000000000,1.0000000000,0.5000000000,0.5000000000,0.5000000000,1.0000000000,1.0000000000,1.0000000000,0.5000000000
26.213628,1.0000000000,1.0000000000,1.0000000000,1.0000000000,0.5000000000,0.5000000000,0.5000000000,1.0000000000,1.0000000000,1.0000000000,0.5000000000
26.296846,1.0000000000,1.0000000000,1.0000000000,1.0000000000,0.5000000000,0.5000000000,0.5000000000,1.0000000000,1.0000000000,1.0000000000,0.5000000000
26.380064,1.0000000000,1.0000000000,1.0000000000,1.0000000000,0.5000000000,0.5000000000,0.5000000000,1.0000000000,1.0000000000,1.0000000000,0.5000000000
26.463282,1.0000000000,1.0000000000,1.0000000000,1.0000000000,0.5000000000,0.5000000000,0.5000000000,1.0000000000,1.0000000000,1.0000000000,0.5000000000
26.546500,1.0000000000,1.0000000000,1.0000000000,1.0000000000,0.5000000000,0.5000000000,0.5000000000,1.0000000000,1.0000000000,1.0000000000,0.5000000000
26.629718,1.0000000000,1.0000000000,1.0000000000,1.0000000000,0.5000000000,0.5000000000,0.5000000000,1.0000000000,1.0000000000,1.0000000000,0.5000000000
26.712935,1.0000000000,1.0000000000,1.0000000000,1.0000000000,0.5000000000,0.5000000000,0.5000000000,1.0000000000,1.0000000000,1.0000000000,0.5000000000
26.796153,1.0000000000,1.0000000000,1.0000000000,1.0000000000,0.5000000000,0.5000000000,0.5000000000,1.0000000000,1.0000000000,1.0000000000,0.5000000000
26.879371,1.0000000000,1.0000000000,1.0000000000,1.0000000000,0.5000000000,0.5000000000,0.5000000000,1.0000000000,1.0000000000,1.0000000000,0.5000000000
26.962589,1.0000000000,1.0000000000,1.0000000000,1.0000000000,0.5000000000,0.5000000000,0.5000000000,1.0000000000,1.0000000000,1.0000000000,0.5000000000
27.045807,1.0000000000,1.0000000000,1.0000000000,1.0000000000,0.5000000000,0.5000000000,0.5000000000,1.0000000000,1.0000000000,1.0000000000,0.5000000000
27.129025,1.0000000000,1.0000000000,1.0000000000,1.0000000000,0.5000000000,0.5000000000,0.5000000000,1.0000000000,1.0000000000,1.0000000000,0.5000000000
27.212243,1.0000000000,1.0000000000,1.0000000000,1.0000000000,0.5000000000,0.5000000000,0.5000000000,1.0000000000,1.0000000000,1.0000000000,0.5000000000
27.295460,1.0000000000,1.0000000000,1.0000000000,1.0000000000,0.5000000000,0.5000000000,0.5000000000,1.0000000000,1.0000000000,1.0000000000,0.5000000000
27.378678,1.0000000000,1.0000000000,1.0000000000,1.0000000000,0.5000000000,0.5000000000,0.5000000000,1.0000000000,1.0000000000,1.0000000000,0.5000000000
27.461896,1.0000000000,1.0000000000,1.0000000000,1.0000000000,0.5000000000,0.5000000000,0.5000000000,1.0000000000,1.0000000000,1.0000000000,0.5000000000
27.545114,1.0000000000,1.0000000000,1.0000000000,1.0000000000,0.5000000000,0.5000000000,0.5000000000,1.0000000000,1.0000000000,1.0000000000,0.5000000000
27.628332,1.0000000000,1.0000000000,1.0000000000,1.0000000000,0.5000000000,0.5000000000,0.5000000000,1.0000000000,1.0000000000,1.0000000000,0.5000000000
27.711550,1.0000000000,1.0000000000,1.0000000000,1.0000000000,0.5000000000,0.5000000000,0.5000000000,1.0000000000,1.0000000000,1.0000000000,0.5000000000
27.794768,1.0000000000,1.0000000000,1.0000000000,1.0000000000,0.5000000000,0.5000000000,0.5000000000,1.0000000000,1.0000000000,1.0000000000,0.5000000000
27.877986,1.0000000000,1.0000000000,1.0000000000,1.0000000000,0.5000000000,0.5000000000,0.5000000000,1.0000000000,1.0000000000,1.0000000000,0.5000000000
27.961203,1.0000000000,1.0000000000,1.0000000000,1.0000000000,0.5000000000,0.5000000000,0.5000000000,1.0000000000,1.0000000000,1.0000000000,0.5000000000
28.044421,1.0000000000,1.0000000000,1.0000000000,1.0000000000,0.5000000000,0.5000000000,0.5000000000,1.0000000000,1.0000000000,1.0000000000,0.5000000000
28.127639,1.0000000000,1.0000000000,1.0000000000,1.0000000000,0.5000000000,0.5000000000,0.5000000000,1.0000000000,1.0000000000,1.0000000000,0.5000000000
28.210857,1.0000000000,1.0000000000,1.0000000000,1.0000000000,0.5000000000,0.5000000000,0.5000000000,1.0000000000,1.0000000000,1.0000000000,0.5000000000
28.294075,1.0000000000,1.0000000000,1.0000000000,1.0000000000,0.5000000000,0.5000000000,0.5000000000,1.0000000000,1.0000000000,1.0000000000,0.5000000000
28.377293,1.0000000000,1.0000000000,1.0000000000,1.0000000000,0.5000000000,0.5000000000,0.5000000000,1.0000000000,1.0000000000,1.0000000000,0.5000000000
28.460511,1.0000000000,1.0000000000,1.0000000000,1.0000000000,0.5000000000,0.5000000000,0.5000000000,1.0000000000,1.0000000000,1.0000000000,0.5000000000
28.543728,1.0000000000,1.0000000000,1.0000000000,1.0000000000,0.5000000000,0.5000000000,0.5000000000,1.0000000000,1.0000000000,1.0000000000,0.5000000000
28.626946,1.0000000000,1.0000000000,1.0000000000,1.0000000000,0.5000000000,0.5000000000,0.5000000000,1.0000000000,1.0000000000,1.0000000000,0.5000000000
28.710164,1.0000000000,1.0000000000,1.0000000000,1.0000000000,0.5000000000,0.5000000000,0.5000000000,1.0000000000,1.0000000000,1.0000000000,0.5000000000
28.793382,1.0000000000,1.0000000000,1.0000000000,1.0000000000,0.5000000000,0.5000000000,0.5000000000,1.0000000000,1.0000000000,1.0000000000,0.5000000000
28.876600,1.0000000000,1.0000000000,1.0000000000,1.0000000000,0.5000000000,0.5000000000,0.5000000000,1.0000000000,1.0000000000,1.0000000000,0.5000000000
28.959818,1.0000000000,1.0000000000,1.0000000000,1.0000000000,0.5000000000,0.5000000000,0.5000000000,1.0000000000,1.0000000000,1.0000000000,0.5000000000
29.043036,1.0000000000,1.0000000000,1.0000000000,1.0000000000,0.5000000000,0.5000000000,0.5000000000,1.0000000000,1.0000000000,1.0000000000,0.5000000000
29.126254,1.0000000000,1.0000000000,1.0000000000,1.0000000000,0.5000000000,0.5000000000,0.5000000000,1.0000000000,1.0000000000,1.0000000000,0.5000000000
29.209471,1.0000000000,1.0000000000,1.0000000000,1.0000000000,0.5000000000,0.5000000000,0.5000000000,1.0000000000,1.0000000000,1.0000000000,0.5000000000
29.292689,1.0000000000,1.0000000000,1.0000000000,1.0000000000,0.5000000000,0.5000000000,0.5000000000,1.0000000000,1.0000000000,1.0000000000,0.5000000000
29.375907,1.0000000000,1.0000000000,1.0000000000,1.0000000000,0.5000000000,0.5000000000,0.5000000000,1.0000000000,1.0000000000,1.0000000000,0.5000000000
29.459125,1.0000000000,1.0000000000,1.0000000000,1.0000000000,0.5000000000,0.5000000000,0.5000000000,1.0000000000,1.0000000000,1.0000000000,0.5000000000
29.542343,1.0000000000,1.0000000000,1.0000000000,1.0000000000,0.5000000000,0.5000000000,0.5000000000,1.0000000000,1.0000000000,1.0000000000,0.5000000000
29.625561,1.0000000000,1.0000000000,1.0000000000,1.0000000000,0.5000000000,0.5000000000,0.5000000000,1.0000000000,1.0000000000,1.0000000000,0.5000000000
29.708779,1.0000000000,1.0000000000,1.0000000000,1.0000000000,0.5000000000,0.5000000000,0.5000000000,1.0000000000,1.0000000000,1.0000000000,0.5000000000
29.791996,1.0000000000,1.0000000000,1.0000000000,1.0000000000,0.5000000000,0.5000000000,0.5000000000,1.0000000000,1.0000000000,1.0000000000,0.5000000000
29.875214,1.0000000000,1.0000000000,1.0000000000,1.0000000000,0.5000000000,0.5000000000,0.5000000000,1.0000000000,1.0000000000,1.0000000000,0.5000000000
29.958432,1.0000000000,1.0000000000,1.0000000000,1.0000000000,0.5000000000,0.5000000000,0.5000000000,1.0000000000,1.0000000000,1.0000000000,0.5000000000
30.041650,1.0000000000,1.0000000000,1.0000000000,1.0000000000,0.5000000000,0.5000000000,0.5000000000,1.0000000000,1.0000000000,1.0000000000,0.5000000000
30.124868,1.0000000000,1.0000000000,1.0000000000,1.0000000000,0.5000000000,0.5000000000,0.5000000000,1.0000000000,1.0000000000,1.0000000000,0.5000000000
30.208086,1.0000000000,1.0000000000,1.0000000000,1.0000000000,0.5000000000,0.5000000000,0.5000000000,1.0000000000,1.0000000000,1.0000000000,0.5000000000
30.291304,1.0000000000,1.0000000000,1.0000000000,1.0000000000,0.5000000000,0.5000000000,0.5000000000,1.0000000000,1.0000000000,1.0000000000,0.5000000000
30.374522,1.0000000000,1.0000000000,1.0000000000,1.0000000000,0.5000000000,0.5000000000,0.5000000000,1.0000000000,1.0000000000,1.0000000000,0.5000000000
30.457739,1.0000000000,1.0000000000,1.0000000000,1.0000000000,0.5000000000,0.5000000000,0.5000000000,1.0000000000,1.0000000000,1.0000000000,0.5000000000
30.540957,1.0000000000,1.0000000000,1.0000000000,1.0000000000,0.5000000000,0.5000000000,0.5000000000,1.0000000000,1.0000000000,1.0000000000,0.5000000000
30.624175,1.0000000000,1.0000000000,1.0000000000,1.0000000000,0.5000000000,0.5000000000,0.5000000000,1.0000000000,1.0000000000,1.0000000000,0.5000000000
30.707393,1.0000000000,1.0000000000,1.0000000000,1.0000000000,0.5000000000,0.5000000000,0.5000000000,1.0000000000,1.0000000000,1.0000000000,0.5000000000
30.790611,1.0000000000,1.0000000000,1.0000000000,1.0000000000,0.5000000000,0.5000000000,0.5000000000,1.0000000000,1.0000000000,1.0000000000,0.5000000000
30.873829,1.0000000000,1.0000000000,1.0000000000,1.0000000000,0.5000000000,0.5000000000,0.5000000000,1.0000000000,1.0000000000,1.0000000000,0.5000000000
30.957047,1.0000000000,1.0000000000,1.0000000000,1.0000000000,0.5000000000,0.5000000000,0.5000000000,1.0000000000,1.0000000000,1.0000000000,0.5000000000
31.040265,1.0000000000,1.0000000000,1.0000000000,1.0000000000,0.5000000000,0.5000000000,0.5000000000,1.0000000000,1.0000000000,1.0000000000,1.0000000000
31.123482,1.0000000000,1.0000000000,1.0000000000,1.0000000000,0.5000000000,0.5000000000,0.5000000000,1.0000000000,1.0000000000,1.0000000000,1.0000000000
31.206700,1.0000000000,1.0000000000,1.0000000000,1.0000000000,0.5000000000,0.5000000000,0.5000000000,1.0000000000,1.0000000000,1.0000000000,1.0000000000
31.289918,1.0000000000,1.0000000000,1.0000000000,1.0000000000,0.5000000000,0.5000000000,0.5000000000,1.0000000000,1.0000000000,1.0000000000,1.0000000000
31.373136,1.0000000000,1.0000000000,1.0000000000,1.0000000000,0.5000000000,0.5000000000,0.5000000000,1.0000000000,1.0000000000,1.0000000000,1.0000000000
31.456354,1.0000000000,1.0000000000,1.0000000000,1.0000000000,0.5000000000,0.5000000000,0.5000000000,1.0000000000,1.0000000000,1.0000000000,1.0000000000
31.539572,1.0000000000,1.0000000000,1.0000000000,1.0000000000,0.5000000000,0.5000000000,0.5000000000,1.0000000000,1.0000000000,1.0000000000,1.0000000000
31.622790,1.0000000000,1.0000000000,1.0000000000,1.0000000000,0.5000000000,0.5000000000,0.5000000000,1.0000000000,1.0000000000,1.0000000000,1.0000000000
31.706007,1.0000000000,1.0000000000,1.0000000000,1.0000000000,0.5000000000,0.5000000000,0.5000000000,1.0000000000,1.0000000000,1.0000000000,1.0000000000
31.789225,1.0000000000,1.0000000000,1.0000000000,1.0000000000,0.5000000000,0.5000000000,0.5000000000,1.0000000000,1.0000000000,1.0000000000,1.0000000000
31.872443,1.0000000000,1.0000000000,1.0000000000,1.0000000000,0.5000000000,0.5000000000,0.5000000000,1.0000000000,1.0000000000,1.0000000000,1.0000000000
31.955661,1.0000000000,1.0000000000,1.0000000000,1.0000000000,0.5000000000,0.5000000000,0.5000000000,1.0000000000,1.0000000000,1.0000000000,1.0000000000
32.038879,1.0000000000,1.0000000000,1.0000000000,1.0000000000,0.5000000000,0.5000000000,0.5000000000,1.0000000000,1.0000000000,1.0000000000,1.0000000000
32.122097,1.0000000000,1.0000000000,1.0000000000,1.0000000000,0.5000000000,0.5000000000,0.5000000000,1.0000000000,1.0000000000,1.0000000000,1.0000000000
32.205315,1.0000000000,1.0000000000,1.0000000000,1.0000000000,0.5000000000,0.5000000000,0.5000000000,1.0000000000,1.0000000000,1.0000000000,1.0000000000
32.288533,1.0000000000,1.0000000000,1.0000000000,1.0000000000,0.5000000000,0.5000000000,0.5000000000,1.0000000000,1.0000000000,1.0000000000,1.0000000000
32.371750,1.0000000000,1.0000000000,1.0000000000,1.0000000000,0.5000000000,0.5000000000,0.5000000000,1.0000000000,1.0000000000,1.0000000000,1.0000000000
32.454968,1.0000000000,1.0000000000,1.0000000000,1.0000000000,0.5000000000,0.5000000000,0.5000000000,1.0000000000,1.0000000000,1.0000000000,1.0000000000
32.538186,1.0000000000,1.0000000000,1.0000000000,1.0000000000,0.5000000000,0.5000000000,0.5000000000,1.0000000000,1.0000000000,1.0000000000,1.0000000000
32.621404,1.0000000000,1.0000000000,1.0000000000,1.0000000000,0.5000000000,0.5000000000,0.5000000000,1.0000000000,1.0000000000,1.0000000000,1.0000000000
32.704622,1.0000000000,1.0000000000,1.0000000000,1.0000000000,0.5000000000,0.5000000000,0.5000000000,1.0000000000,1.0000000000,1.0000000000,1.0000000000
32.787840,1.0000000000,1.0000000000,1.0000000000,1.0000000000,0.5000000000,0.5000000000,0.5000000000,1.0000000000,1.0000000000,1.0000000000,1.0000000000
32.871058,1.0000000000,1.0000000000,1.0000000000,1.0000000000,0.5000000000,0.5000000000,0.5000000000,1.0000000000,1.0000000000,1.0000000000,1.0000000000
32.954275,1.0000000000,1.0000000000,1.0000000000,1.0000000000,0.5000000000,0.5000000000,0.5000000000,1.0000000000,1.0000000000,1.0000000000,1.0000000000
33.037493,1.0000000000,1.0000000000,1.0000000000,1.0000000000,0.5000000000,0.5000000000,0.5000000000,1.0000000000,1.0000000000,1.0000000000,1.0000000000
33.120711,1.0000000000,1.0000000000,1.0000000000,1.0000000000,0.5000000000,0.5000000000,0.5000000000,1.0000000000,1.0000000000,1.0000000000,1.0000000000
33.203929,1.0000000000,1.0000000000,1.0000000000,1.0000000000,0.5000000000,0.5000000000,0.5000000000,1.0000000000,1.0000000000,1.0000000000,1.0000000000
33.287147,1.0000000000,1.0000000000,1.0000000000,1.0000000000,0.5000000000,0.5000000000,0.5000000000,1.0000000000,1.0000000000,1.0000000000,1.0000000000
33.370365,1.0000000000,1.0000000000,1.0000000000,1.0000000000,0.5000000000,0.5000000000,0.5000000000,1.0000000000,1.0000000000,1.0000000000,1.0000000000
33.453583,1.0000000000,1.0000000000,1.0000000000,1.0000000000,0.5000000000,0.5000000000,0.5000000000,1.0000000000,1.0000000000,1.0000000000,1.0000000000
33.536801,1.0000000000,1.0000000000,1.0000000000,1.0000000000,0.5000000000,0.5000000000,0.5000000000,1.0000000000,1.0000000000,1.0000000000,1.0000000000
33.620018,1.0000000000,1.0000000000,1.0000000000,1.0000000000,0.5000000000,0.5000000000,0.5000000000,1.0000000000,1.0000000000,1.0000000000,1.0000000000
33.703236,1.0000000000,1.0000000000,1.0000000000,1.0000000000,0.5000000000,0.5000000000,0.5000000000,1.0000000000,1.0000000000,1.0000000000,1.0000000000
33.786454,1.0000000000,1.0000000000,1.0000000000,1.0000000000,0.5000000000,0.5000000000,0.5000000000,1.0000000000,1.0000000000,1.0000000000,1.0000000000
33.869672,1.0000000000,1.0000000000,1.0000000000,1.0000000000,0.5000000000,0.5000000000,0.5000000000,1.0000000000,1.0000000000,1.0000000000,1.0000000000
33.952890,1.0000000000,1.0000000000,1.0000000000,1.0000000000,0.5000000000,0.5000000000,0.5000000000,1.0000000000,1.0000000000,1.0000000000,1.0000000000
34.036108,1.0000000000,1.0000000000,1.0000000000,1.0000000000,0.5000000000,0.5000000000,0.5000000000,1.0000000000,1.0000000000,1.0000000000,1.0000000000
34.119326,1.0000000000,1.0000000000,1.0000000000,1.0000000000,0.5000000000,0.5000000000,0.5000000000,1.0000000000,1.0000000000,1.0000000000,1.0000000000
